,n_neighbors,mean_fit_time,mean_score_time,mean_train_score,std_train_score,mean_test_score,std_test_score,rank_test_score
4,15,0.010637521743774414,0.009641488393147787,0.8545267426341462,0.011892416912382783,0.5600727696296013,0.0934476717312093,1
5,20,0.010637601216634115,0.009641408920288086,0.8260618103616362,0.01019249758977992,0.5579685323281364,0.060348954239876934,2
6,30,0.011309305826822916,0.010299603144327799,0.7850114771100851,0.0013209040753931441,0.5497544116367878,0.03984505887138518,3
3,10,0.010941902796427408,0.009308735529581705,0.8984614813587067,0.006788085254560979,0.5473713717986985,0.10521510215098248,4
7,40,0.010637680689493815,0.009973764419555664,0.7660963961789843,0.00687059683006522,0.5366020286147019,0.023031924250484795,5
8,50,0.010304927825927734,0.010317405064900717,0.7531259320699867,0.009687805377947703,0.5298485894767083,0.01661966948275856,6
2,5,0.011356830596923828,0.009311358133951822,0.9561800214937559,0.006000899108633767,0.5061070042190834,0.07465857875044406,7
1,2,0.011662880579630533,0.011609792709350586,0.9984040774122609,0.00010695490202938675,0.4913761113048242,0.05181605267946052,8
0,1,0.011966943740844727,0.00900427500406901,1.0,0.0,0.47204085196164397,0.05006945445802827,9
