,C,mean_fit_time,mean_score_time,mean_train_score,std_train_score,mean_test_score,std_test_score,rank_test_score
1,0.01,1.2238654494285583,0.006232619285583496,0.663157738095238,0.03902269945162042,0.7849999999999999,0.1299038105676658,1
2,0.1,2.7791332602500916,0.006482064723968506,0.6910565476190477,0.033993837992658135,0.7825,0.10825317547305482,2
0,0.001,0.6501545906066895,0.005486249923706055,0.6185238095238095,0.034189448187224934,0.7725,0.1209080228934375,3
3,0.5,3.4574809670448303,0.005982041358947754,0.6960803571428572,0.03789932265259513,0.69,0.08660254037844385,4
4,1.0,3.543082058429718,0.006740093231201172,0.6933452380952381,0.043651765321075606,0.6675000000000001,0.08347903928532004,5
5,10.0,3.952280819416046,0.00597459077835083,0.6968630952380952,0.04355206561367312,0.6375,0.05068283733178324,6
