,C,mean_fit_time,mean_score_time,mean_train_score,std_train_score,mean_test_score,std_test_score,rank_test_score
3,0.5,2.8913787206014,0.0063161055246988935,0.8610131608676918,0.020610507333407226,0.5871908541690719,0.030915702394017894,1
5,10.0,4.703906615575154,0.007624149322509766,0.8681525673775532,0.018917458757802704,0.5847129359216489,0.02337347706637381,2
4,1.0,3.512133836746216,0.007646322250366211,0.8651665965247693,0.017196197622811066,0.5842929586343448,0.023137908760785395,3
0,0.001,0.7929557164510092,0.006981213887532552,0.7943846153636122,0.012576255556846135,0.5780928637316757,0.04867261217974473,4
2,0.1,3.0613154570261636,0.00797422726949056,0.8575674898902523,0.015741300411491854,0.5747471426473406,0.030566140781778776,5
1,0.01,2.0157483418782554,0.006316264470418294,0.8369864260337404,0.01767676435834511,0.5732054367444466,0.02107093807421975,6
