,C,mean_fit_time,mean_score_time,mean_train_score,std_train_score,mean_test_score,std_test_score,rank_test_score
5,10.0,4.529512882232666,0.007728219032287598,0.8455685429578799,0.018368542798127996,0.6583770525125042,0.13340926346640647,1
4,1.0,3.6050493717193604,0.00847393274307251,0.8432807356050906,0.018829338421332806,0.6374346386669774,0.12070781771401107,2
3,0.5,3.373754560947418,0.006752133369445801,0.841163925060047,0.018642975495038117,0.6342000732936393,0.10081083609384495,3
1,0.01,1.8423509001731873,0.010969936847686768,0.8192250073834946,0.017547250547497555,0.6250688296472924,0.07257499685960557,4
2,0.1,3.201355457305908,0.006981611251831055,0.8353964729685783,0.018627832644461377,0.6181576539979093,0.093607957044486,5
0,0.001,0.7255818247795105,0.006482541561126709,0.7853832758417685,0.01661304615690107,0.5909230644135275,0.11712261038834401,6
