,n_neighbors,mean_fit_time,mean_score_time,mean_train_score,std_train_score,mean_test_score,std_test_score,rank_test_score
0,1,0.009772777557373047,0.007751345634460449,1.0,0.0,0.5999407907563685,0.09850520530130759,1
1,2,0.008105486631393433,0.007360011339187622,0.99855005320008,0.00025365710387397373,0.5976598963579227,0.09251861617479785,2
8,50,0.007226735353469849,0.007294356822967529,0.7306593000999735,0.013256270954444382,0.5943302735312677,0.10628888177553232,3
2,5,0.007611870765686035,0.006837010383605957,0.9476559082744074,0.008108749044490283,0.5663595004102281,0.06018216308621763,4
6,30,0.008103668689727783,0.0074186623096466064,0.7604473254036637,0.012743134159302706,0.5635661337728568,0.08874414333196705,5
4,15,0.008601397275924683,0.007481753826141357,0.8278639905932139,0.01977917805777283,0.5598296375954934,0.09489894816279783,6
3,10,0.0073548853397369385,0.006607651710510254,0.871621100353956,0.020319901603854964,0.5582058059502728,0.09086545002060914,7
7,40,0.007475316524505615,0.007727205753326416,0.7396315561837595,0.011023692610904452,0.5566400314524824,0.09498437962244494,8
5,20,0.007854580879211426,0.00735628604888916,0.7962424439021403,0.014722826235072102,0.5373325935819601,0.09563428810339344,9
