,n_neighbors,mean_fit_time,mean_score_time,mean_train_score,std_train_score,mean_test_score,std_test_score,rank_test_score
7,40,0.006743967533111572,0.01145780086517334,0.7309136904761904,0.014678246469870706,0.745,0.10735455276791944,1
8,50,0.007505059242248535,0.01096111536026001,0.7391547619047619,0.010657009605958731,0.7449999999999999,0.1110180165558726,2
6,30,0.007730841636657715,0.013205766677856445,0.7343392857142857,0.017378835283652534,0.7324999999999999,0.11143944544011336,3
5,20,0.007194638252258301,0.010753810405731201,0.7504761904761905,0.007284313590846839,0.7274999999999999,0.10133484099755623,4
1,2,0.0072359442710876465,0.011473000049591064,0.8766845238095239,0.008708288578474332,0.6824999999999999,0.052141634036535524,5
3,10,0.007460117340087891,0.011977553367614746,0.7924583333333333,0.007514222625572577,0.6824999999999999,0.06259992012774457,5
4,15,0.006981372833251953,0.011716365814208984,0.7581875,0.003934522683884299,0.6775,0.06905613658466568,7
2,5,0.00822746753692627,0.01247549057006836,0.8380684523809524,0.010633326319357726,0.6649999999999999,0.06689544080129826,8
0,1,0.008760154247283936,0.013950467109680176,1.0,0.0,0.6175,0.03031088913245538,9
