,n_neighbors,mean_fit_time,mean_score_time,mean_train_score,std_train_score,mean_test_score,std_test_score,rank_test_score
7,40,0.008993566036224365,0.012727975845336914,0.7370505952380952,0.013546500641654781,0.7425,0.11098986440211557,1
8,50,0.008976399898529053,0.013425111770629883,0.7371309523809524,0.011697741656573982,0.7424999999999999,0.1145371118895531,2
6,30,0.009218573570251465,0.01272273063659668,0.7529553571428571,0.01760800083029862,0.715,0.10523782589924595,3
5,20,0.01052701473236084,0.014696359634399414,0.774047619047619,0.005486532677048994,0.7125,0.09337424698491553,4
1,2,0.009776771068572998,0.011936545372009277,0.877610119047619,0.006674227085241709,0.6975,0.06647367900154166,5
3,10,0.010505914688110352,0.013443946838378906,0.7985,0.01402676013910552,0.6975,0.0736121593216773,5
4,15,0.009980857372283936,0.012943744659423828,0.7853779761904762,0.002909349117485724,0.675,0.06726812023536856,7
2,5,0.009487271308898926,0.011705517768859863,0.8435565476190475,0.011404393370002396,0.6599999999999999,0.0406201920231798,8
0,1,0.010211288928985596,0.011984407901763916,1.0,0.0,0.6124999999999999,0.04145780987944253,9
